<?xml version="1.0" encoding="UTF-8"?>
<project-private xmlns="http://www.netbeans.org/ns/project-private/1">
    <editor-bookmarks xmlns="http://www.netbeans.org/ns/editor-bookmarks/2" lastBookmarkId="0"/>
    <open-files xmlns="http://www.netbeans.org/ns/projectui-open-files/2">
        <group>
            <file>file:/C:/Users/User/Documents/NetBeansProjects/LibManagementSystem/src/libmanagementsystem/AddStudent.java</file>
            <file>file:/C:/Users/User/Documents/NetBeansProjects/LibManagementSystem/src/libmanagementsystem/UpdateBook.java</file>
            <file>file:/C:/Users/User/Documents/NetBeansProjects/LibManagementSystem/src/libmanagementsystem/ManageIssuedBook1.java</file>
            <file>file:/C:/Users/User/Documents/NetBeansProjects/LibManagementSystem/src/libmanagementsystem/AddBook.java</file>
            <file>file:/C:/Users/User/Documents/NetBeansProjects/LibManagementSystem/src/libmanagementsystem/ManageBook.java</file>
            <file>file:/C:/Users/User/Documents/NetBeansProjects/LibManagementSystem/src/libmanagementsystem/LibManagementSystem.java</file>
        </group>
    </open-files>
</project-private>
